"","taxa","ITS.Copies"
"3","Absidia_repens",16
"4","Acaromyces_ingoldii",1
"5","Acaulopage_tetraceros",1
"8","Aciculosporium_take",1
"9","Acidomyces_sp._'richmondensis'",4
"10","Acremonium_chrysogenum",1
"11","Actinomortierella_ambigua",1
"12","Actinomortierella_wolfii",1
"15","Agaricus_bisporus",4
"17","Agrocybe_cylindracea",1
"18","Agrocybe_pediades",22
"19","Akanthomyces_lecanii",1
"22","Alectoria_fallacina",1
"23","Alectoria_sarmentosa",1
"24","Alloascoidea_hylecoeti",1
"25","Allomyces_macrogynus",9
"26","Alternaria_alternata",12
"27","Alternaria_arborescens",1
"28","Alternaria_atra",3
"29","Alternaria_brassicae",19
"30","Alternaria_brassicicola",3
"31","Alternaria_burnsii",1
"33","Alternaria_gaisen",5
"35","Alternaria_longipes",1
"36","Alternaria_solani",12
"37","Alternaria_tenuissima",1
"38","Amanita_bisporigera",1
"42","Amanita_muscaria",1
"43","Amanita_phalloides",2
"45","Amanita_pseudoporphyria",1
"46","Amanita_rubescens",127
"49","Amauroascus_niger",1
"50","Amauroderma_rugosum",17
"51","Ambrosiella_cleistominuta",1
"52","Ambrosiella_xylebori",3
"53","Ambrosiozyma_ambrosiae",1
"55","Ambrosiozyma_maleeae_(nom._inval.)",1
"57","Ambrosiozyma_oregonensis_(nom._inval.)",1
"58","Ambrosiozyma_philentoma",1
"59","Ambrosiozyma_pseudovanderkliftii",1
"60","Ambrosiozyma_vanderkliftii",1
"61","Amesia_nigricolor",19
"62","Amniculicola_lignicola",5
"64","Amorphotheca_resinae",1
"65","Ampelomyces_quisqualis",46
"66","Amphirosellinia_nigrospora",4
"67","Amylostereum_areolatum",25
"68","Anaeromyces_robustus",2
"69","Anncaliia_algerae",1
"70","Annulohypoxylon_stygium",1
"71","Annulohypoxylon_truncatum",3
"72","Antarctomyces_pellizariae",1
"73","Anthracocystis_flocculosa",1
"74","Anthracocystis_panici-leucophaei",4
"75","Antonospora_locustae",4
"76","Antrodiella_citrinella",1
"77","Aotearoamyces_nothofagi",1
"78","Apiotrichum_akiyoshidainum",8
"86","Apiotrichum_porosum",4
"93","Aquanectria_penicillioides",10
"94","Arachnopeziza_araneosa",1
"96","Armillaria_cepistipes",8
"98","Armillaria_gallica",4
"99","Armillaria_ostoyae",3
"103","Arthrinium_phaeospermum",1
"104","Arthrinium_saccharicola",17
"105","Arthrobotrys_entomopaga",1
"106","Arthrobotrys_flagrans",23
"107","Arthrocladium_fulminans",1
"108","Arthroderma_uncinatum",3
"110","Articulospora_tetracladia",5
"111","Ascobolus_immersus",1
"112","Ascochyta_fabae",12
"113","Ascochyta_koolunga",9
"114","Ascochyta_lentis",8
"115","Ascochyta_rabiei",11
"116","Ascochyta_viciae",28
"117","Ascochyta_viciae-villosae",39
"118","Ascocoryne_sarcoides",1
"122","Ascosphaera_apis",1
"123","Aspergillus_aculeatinus",1
"124","Aspergillus_aculeatus",2
"127","Aspergillus_amoenus",1
"130","Aspergillus_awamori",40
"132","Aspergillus_bombycis",1
"135","Aspergillus_burnettii",1
"137","Aspergillus_calidoustus",1
"138","Aspergillus_campestris",13
"140","Aspergillus_carbonarius",1
"141","Aspergillus_cejpii",19
"142","Aspergillus_chevalieri",9
"143","Aspergillus_clavatus",3
"146","Aspergillus_cristatus",9
"147","Aspergillus_elegans",1
"149","Aspergillus_eucalypticola",16
"150","Aspergillus_felis",2
"152","Aspergillus_fischeri",1
"153","Aspergillus_flavus",1
"154","Aspergillus_floridensis",1
"155","Aspergillus_fumigatiaffinis",2
"156","Aspergillus_fumigatus",1
"158","Aspergillus_hancockii",1
"159","Aspergillus_heteromorphus",51
"160","Aspergillus_hiratsukae",1
"162","Aspergillus_ibericus",1
"166","Aspergillus_latus",1
"167","Aspergillus_lentulus",36
"169","Aspergillus_luchuensis",5
"173","Aspergillus_nanangensis",1
"176","Aspergillus_nidulans",3
"177","Aspergillus_niger",4
"178","Aspergillus_nomiae",1
"179","Aspergillus_novofumigatus",14
"180","Aspergillus_novoparasiticus",1
"181","Aspergillus_ochraceoroseus",14
"182","Aspergillus_ochraceus",40
"183","Aspergillus_oerlinghausenensis",1
"184","Aspergillus_olivimuriae",1
"185","Aspergillus_oryzae",5
"186","Aspergillus_parasiticus",1
"187","Aspergillus_persii",5
"194","Aspergillus_pseudoviridinutans",1
"195","Aspergillus_puulaauensis",4
"196","Aspergillus_quadrilineatus",1
"197","Aspergillus_rambellii",1
"200","Aspergillus_sclerotialis",1
"202","Aspergillus_sclerotioniger",3
"203","Aspergillus_sclerotiorum",1
"205","Aspergillus_sojae",1
"206","Aspergillus_spinulosporus",2
"208","Aspergillus_sydowii",2
"210","Aspergillus_tamarii",1
"211","Aspergillus_tanneri",1
"212","Aspergillus_terreus",6
"213","Aspergillus_thermomutatus",2
"215","Aspergillus_tritici",2
"216","Aspergillus_tubingensis",3
"217","Aspergillus_turcosus",1
"218","Aspergillus_udagawae",1
"219","Aspergillus_unguis",1
"225","Aspergillus_viridinutans",1
"226","Aspergillus_welwitschiae",1
"232","Athelia_rolfsii",11
"233","Atkinsonella_hypoxylon",1
"235","Aureobasidium_melanogenum",2
"237","Aureobasidium_pullulans",12
"241","Auricularia_heimuer",3
"244","Auriculariopsis_ampla",1
"245","Austropuccinia_psidii",10
"246","Babjeviella_inositovora",1
"248","Balansia_obtecta",1
"249","Barnettozyma_californica",1
"250","Barnettozyma_hawaiiensis",1
"252","Barnettozyma_pratensis",1
"254","Basidioascus_undulatus",1
"255","Basidiobolus_heterosporus",1
"256","Basidiobolus_meristosporus",3
"258","Batrachochytrium_dendrobatidis",16
"259","Batrachochytrium_salamandrivorans",2
"260","Baudoinia_panamericana",1
"261","Beauveria_bassiana",7
"262","Beauveria_brongniartii",1
"263","Beauveria_felina",1
"264","Beauveria_pseudobassiana",1
"265","Beauveria_rudraprayagi",1
"266","Berkeleyomyces_basicola",2
"268","Bifiguratus_adelaidae",1
"270","Bipolaris_cookei",1
"271","Bipolaris_maydis",8
"272","Bipolaris_oryzae",1
"273","Bipolaris_sorokiniana",14
"274","Bipolaris_victoriae",9
"275","Bipolaris_zeicola",5
"276","Blastobotrys_adeninivorans",2
"277","Blastobotrys_americana",1
"278","Blastobotrys_mokoenaii",2
"279","Blastobotrys_muscicola",11
"280","Blastobotrys_niveus",1
"281","Blastobotrys_peoriensis",1
"282","Blastobotrys_proliferans",1
"283","Blastobotrys_raffinosifermentans",1
"284","Blastobotrys_serpentis",1
"285","Blastomyces_dermatitidis",9
"286","Blastomyces_emzantsi",1
"287","Blastomyces_gilchristii",5
"289","Blastomyces_percursus",1
"290","Blastomyces_silverae",1
"292","Blumeriella_jaapii",5
"293","Blyttiomyces_helicus",9
"294","Boletus_bicolor",2
"295","Boletus_edulis",34
"296","Boletus_reticuloceps",1
"297","Boletus_speciosus",1
"298","Bondarzewia_mesenterica",1
"299","Botryobasidium_botryosum",1
"300","Botryosphaeria_dothidea",3
"301","Botryosphaeria_kuwatsukai",1
"302","Botryotinia_calthae",1
"303","Botryotinia_convoluta",1
"305","Botryotinia_narcissicola",1
"306","Botryozyma_nematodophila",12
"307","Botrytis_aclada",4
"308","Botrytis_byssoidea",8
"309","Botrytis_cinerea",1
"310","Botrytis_deweyae",4
"311","Botrytis_elliptica",7
"312","Botrytis_fabae",1
"313","Botrytis_fragariae",1
"314","Botrytis_galanthina",1
"315","Botrytis_hyacinthi",1
"316","Botrytis_medusae",5
"317","Botrytis_paeoniae",1
"318","Botrytis_porri",4
"319","Botrytis_pseudocinerea",3
"320","Botrytis_sinoallii",7
"321","Botrytis_squamosa",5
"322","Botrytis_tulipae",1
"323","Brettanomyces_anomalus",1
"324","Brettanomyces_bruxellensis",3
"325","Brettanomyces_custersianus",9
"326","Brettanomyces_naardenensis",2
"327","Brettanomyces_nanus",7
"328","Bretziella_fagacearum",1
"330","Butyriboletus_roseoflavus",97
"333","Cadophora_malorum",1
"334","Cairneyella_variabilis",1
"335","Calcarisporium_arbuscula",2
"338","Calocera_viscosa",1
"342","Calonectria_aciculata",2
"343","Calonectria_crousiana",2
"344","Calonectria_fujianensis",2
"345","Calonectria_henricotiae",1
"346","Calonectria_honghensis",2
"347","Calonectria_hongkongensis",1
"348","Calonectria_ilicicola",1
"349","Calonectria_leucothoes",1
"350","Calonectria_naviculata",1
"351","Calonectria_pauciramosa",1
"352","Calonectria_pseudonaviculata",1
"354","Calonectria_pseudoturangicola",1
"355","Candida_aaseri",1
"356","Candida_albicans",1
"358","Candida_ascalaphidarum",1
"359","Candida_auris",5
"360","Candida_blattae",1
"361","Candida_boidinii",1
"363","Candida_californica",1
"364","Candida_castellii",1
"365","Candida_chilensis",1
"366","Candida_corydali",1
"367","Candida_dubliniensis",1
"368","Candida_duobushaemulonis",5
"369","Candida_ethanolica",1
"370","Candida_fragi",1
"371","Candida_freyschussii",1
"372","Candida_glabrata",10
"373","Candida_golubevii",1
"374","Candida_gorgasii",1
"375","Candida_haemuloni",1
"376","Candida_hawaiiana",1
"377","Candida_heveicola",1
"378","Candida_hispaniensis",2
"379","Candida_incommunis",2
"380","Candida_inconspicua",1
"381","Candida_intermedia",5
"382","Candida_ipomoeae",1
"384","Candida_mesenterica",1
"385","Candida_metapsilosis",14
"386","Candida_montana",1
"387","Candida_mycetangii",1
"388","Candida_nivariensis",4
"389","Candida_orba",1
"390","Candida_oregonensis",1
"391","Candida_orthopsilosis",4
"392","Candida_parapsilosis",11
"393","Candida_ponderosae",1
"394","Candida_pseudohaemulonii",1
"395","Candida_psychrophila",1
"396","Candida_restingae",1
"397","Candida_rhagii",1
"398","Candida_sake",14
"399","Candida_schatavii",1
"400","Candida_silvatica",1
"401","Candida_sojae",3
"403","Candida_stellimalicola",1
"404","Candida_subhashii",1
"405","Candida_succiphila",1
"406","Candida_tammaniensis",1
"407","Candida_theae",5
"408","Candida_tropicalis",5
"409","Candida_vartiovaarae",5
"410","Candida_viswanathii",12
"411","Candida_wancherniae",1
"412","Candolleomyces_aberdarensis",1
"414","Cantharellus_appalachiensis",1
"416","Cantharellus_cinnabarinus",2
"417","Cantharellus_lutescens",4
"418","Capniomyces_stellatus",1
"421","Catenaria_anguillulae",5
"423","Celoporthe_dispersa",10
"424","Cenococcum_geophilum",1
"425","Cephaloascus_albidus",1
"426","Cephaloascus_fragrans",1
"427","Ceraceosorus_bombacis",5
"430","Ceratocystiopsis_brevicomis",1
"431","Ceratocystiopsis_minuta",2
"432","Ceratocystis_adiposa",1
"433","Ceratocystis_albifundus",1
"434","Ceratocystis_cacaofunesta",1
"435","Ceratocystis_eucalypticola",1
"436","Ceratocystis_fimbriata",3
"437","Ceratocystis_harringtonii",1
"438","Ceratocystis_manginecans",2
"439","Ceratocystis_platani",1
"440","Ceratocystis_smalleyi",1
"442","Cercospora_beticola",1
"444","Cercospora_canescens",1
"445","Cercospora_cf._flagellaris",1
"446","Cercospora_cf._sigesbeckiae",3
"447","Cercospora_citrullina",1
"448","Cercospora_kikuchii",4
"449","Cercospora_nicotianae",1
"452","Cercospora_zeae-maydis",1
"453","Cercospora_zeina",1
"456","Chaetomium_globosum",3
"457","Chaetomium_thermophilum",1
"458","Chalara_longipes",1
"459","Chalaropsis_populi",1
"462","Chlorencoelia_torta",1
"463","Chlorociboria_aeruginascens",2
"466","Chondrostereum_purpureum",1
"469","Chrysoporthe_cubensis",4
"470","Chrysoporthe_deuterocubensis",2
"475","Ciborinia_camelliae",1
"478","Citeromyces_siamensis",1
"479","Cladobotryum_protrusum",23
"480","Cladonia_borealis",2
"483","Cladonia_rangiferina",1
"484","Cladonia_uncialis",1
"485","Cladophialophora_bantiana",1
"486","Cladophialophora_carrionii",1
"487","Cladophialophora_immunda",1
"490","Cladosporium_cladosporioides",2
"491","Cladosporium_phlei",1
"492","Cladosporium_sphaerospermum",2
"493","Clarireedia_homoeocarpa",2
"494","Clarireedia_jacksonii",1
"495","Clarireedia_monteithiana",2
"496","Clathrospora_elynae",1
"498","Clavariopsis_aquatica",1
"499","Claviceps_africana",1
"500","Claviceps_arundinis",1
"501","Claviceps_capensis",1
"502","Claviceps_citrina",1
"503","Claviceps_cyperi",1
"504","Claviceps_digitariae",1
"506","Claviceps_humidiphila",1
"507","Claviceps_lovelessii",1
"508","Claviceps_maximensis",1
"509","Claviceps_monticola",1
"510","Claviceps_occidentalis",1
"511","Claviceps_paspali",1
"512","Claviceps_pazoutovae",1
"513","Claviceps_perihumidiphila",1
"514","Claviceps_purpurea",1
"515","Claviceps_pusilla",1
"516","Claviceps_quebecensis",1
"517","Claviceps_ripicola",1
"518","Claviceps_sorghi",1
"520","Clavispora_fructus",1
"521","Clavispora_lusitaniae",5
"524","Clitopilus_hobsonii",5
"526","Clonostachys_rosea",7
"527","Coccidioides_immitis",4
"528","Coccidioides_posadasii",17
"529","Coccinonectria_pachysandricola",1
"531","Coemansia_reversa",1
"535","Colletotrichum_acutatum",5
"536","Colletotrichum_aenigma",24
"538","Colletotrichum_australisinense_(nom._inval.)",20
"539","Colletotrichum_camelliae",5
"541","Colletotrichum_coccodes",1
"542","Colletotrichum_destructivum",5
"543","Colletotrichum_echinochloae",24
"544","Colletotrichum_eleusines",8
"545","Colletotrichum_falcatum",3
"546","Colletotrichum_fioriniae",1
"547","Colletotrichum_fructicola",2
"548","Colletotrichum_gloeosporioides",1
"550","Colletotrichum_graminicola",5
"551","Colletotrichum_higginsianum",9
"552","Colletotrichum_incanum",1
"555","Colletotrichum_lindemuthianum",3
"556","Colletotrichum_liriopes",1
"560","Colletotrichum_orbiculare",2
"561","Colletotrichum_orchidophilum",1
"564","Colletotrichum_sansevieriae",1
"565","Colletotrichum_scovillei",2
"566","Colletotrichum_shisoi",2
"567","Colletotrichum_siamense",2
"568","Colletotrichum_sidae",1
"571","Colletotrichum_spinosum",1
"572","Colletotrichum_sublineola",2
"573","Colletotrichum_tanaceti",7
"575","Colletotrichum_tofieldiae",2
"576","Colletotrichum_trifolii",3
"577","Colletotrichum_tropicale",1
"579","Colletotrichum_viniferum",1
"581","Conidiobolus_coronatus",2
"586","Coniochaeta_hoffmannii",1
"588","Coniochaeta_prunicola",2
"589","Coniochaeta_pulveracea",1
"593","Coprinellus_angulatus",77
"594","Coprinellus_micaceus",3
"597","Coprinopsis_strossmayeri",1
"598","Coprinus_comatus",1
"599","Cordyceps_cicadae",1
"600","Cordyceps_farinosa",1
"603","Cordyceps_militaris",4
"604","Cordyceps_pruinosa",1
"605","Cordyceps_tenuipes",1
"606","Corinectria_fuckeliana",1
"607","Coriolopsis_trogii",5
"608","Cortinarius_glaucopus",1
"609","Corynespora_cassiicola",38
"610","Corynespora_olivacea",1
"617","Cryomyces_antarcticus",1
"619","Cryphonectria_carpinicola",1
"620","Cryphonectria_japonica",1
"621","Cryphonectria_macrospora",1
"622","Cryphonectria_naterciae",1
"623","Cryphonectria_nitschkei",1
"624","Cryphonectria_parasitica",2
"625","Cryphonectria_radicalis",1
"628","Cryptococcus_floricola",20
"629","Cryptococcus_gattii",50
"630","Cryptococcus_neoformans",2
"631","Cryptococcus_neoformans_AD_hybrid",4
"632","Cryptococcus_wingfieldii",7
"633","Cucumispora_dikerogammari",1
"634","Cucurbitaria_berberidis",3
"635","Cudoniella_acicularis",1
"639","Curvularia_geniculata",1
"641","Curvularia_lunata",1
"642","Curvularia_papendorfii",3
"643","Cutaneotrichosporon_arboriforme",1
"646","Cutaneotrichosporon_cyanovorans",1
"647","Cutaneotrichosporon_daszewskae",1
"648","Cutaneotrichosporon_dermatis",3
"650","Cutaneotrichosporon_oleaginosum",2
"651","Cyanodermella_asteris",1
"653","Cyberlindnera_americana",1
"654","Cyberlindnera_fabianii",5
"655","Cyberlindnera_jadinii",9
"657","Cyberlindnera_misumaiensis",1
"658","Cyberlindnera_mrakii",1
"660","Cyberlindnera_saturnus",1
"661","Cyberlindnera_suaveolens",1
"662","Cyberlindnera_subsufficiens",1
"663","Cyberlindnera_xylosilytica",1
"665","Cylindrocarpon_cylindroides",1
"672","Cystofilobasidium_macerans",1
"674","Cytospora_piceae",2
"675","Dacryopinax_primogenitus",1
"676","Dactylella_cylindrospora",1
"677","Dactylellina_haptotyla",1
"678","Dactylonectria_macrodidyma",1
"679","Dactylonectria_torresensis",1
"681","Daldinia_caldariorum",1
"682","Daldinia_childiae",9
"683","Daldinia_concentrica",3
"684","Daldinia_eschscholtzii",3
"685","Danielozyma_ontarioensis",1
"686","Davidsoniella_australis",1
"687","Davidsoniella_eucalypti",17
"688","Davidsoniella_neocaledoniae",3
"689","Davidsoniella_virescens",1
"691","Debaryomyces_fabryi",1
"692","Debaryomyces_hansenii",8
"693","Debaryomyces_maramus",1
"694","Debaryomyces_nepalensis",1
"695","Debaryomyces_prosopidis",1
"696","Debaryomyces_subglobosus",1
"699","Delphinella_strobiligena",1
"700","Dendrothele_bispora",1
"701","Dentipellis_fragilis",1
"702","Diaporthe_ampelina",1
"704","Diaporthe_capsici",2
"705","Diaporthe_citri",6
"706","Diaporthe_citriasiana",1
"707","Diaporthe_citrichinensis",1
"708","Diaporthe_destruens",2
"710","Diaporthe_longicolla",1
"711","Dichomitus_squalens",2
"714","Dictyopanus_pusillus",6
"715","Dicyma_pulvinata",4
"716","Diddensiella_caesifluorescens",1
"717","Didymella_arachidicola",6
"719","Didymella_heteroderae",1
"720","Didymella_keratinophila",1
"721","Didymella_lethalis",1
"722","Didymella_pinodes",1
"723","Didymella_segeticola",14
"725","Didymosphaeria_enalia",1
"729","Diplocarpon_rosae",1
"730","Diplodia_corticola",1
"731","Diplodia_sapinea",1
"732","Diplodia_scrobiculata",1
"734","Dipodascus_albidus",1
"738","Dissophora_globulifera",1
"739","Dissophora_ornata",1
"740","Diutina_catenulata",1
"742","Diversispora_epigaea",8
"743","Dothidotthia_symphoricarpi",4
"744","Dothistroma_septosporum",1
"745","Drechmeria_coniospora",2
"747","Drechslerella_stenobrocha",1
"749","Elaphomyces_granulatus",1
"750","Elsinoe_ampelina",2
"751","Elsinoe_arachidis",3
"752","Elsinoe_australis",1
"753","Elsinoe_batatas",1
"754","Elsinoe_fawcettii",1
"755","Emergomyces_africanus",1
"756","Emergomyces_orientalis",8
"758","Emmonsia_crescens",1
"759","Encephalitozoon_cuniculi",3
"760","Encephalitozoon_hellem",7
"761","Encephalitozoon_intestinalis",5
"763","Endocalyx_cinctus",1
"764","Endocarpon_pusillum",1
"765","Endoconidiophora_laricicola",1
"767","Endocronartium_harknessii",1
"769","Enterocytozoon_bieneusi",14
"771","Enterospora_canceri",1
"774","Entomortierella_beljakovae",1
"775","Entomortierella_chlamydospora",1
"777","Entonaema_liquescens",4
"778","Epichloe_amarillans",2
"779","Epichloe_aotearoae",1
"780","Epichloe_baconii",1
"781","Epichloe_brachyelytri",1
"782","Epichloe_bromicola",2
"783","Epichloe_coenophiala",52
"784","Epichloe_elymi",2
"785","Epichloe_festucae",3
"786","Epichloe_gansuensis_E7080",1
"788","Epichloe_glyceriae",2
"789","Epichloe_hybrida",8
"790","Epichloe_sylvatica",1
"792","Epichloe_uncinata",1
"793","Epicoccum_latusicollum",1
"794","Epicoccum_nigrum",2
"795","Epicoccum_sorghinum",1
"798","Eremothecium_cymbalariae",2
"799","Eremothecium_gossypii",39
"800","Eremothecium_sinecaudum",31
"803","Erythrobasidium_yunnanense",1
"804","Escovopsis_weberi",1
"806","Eutypa_lata",1
"807","Evansstolkia_leycettana",1
"808","Evernia_prunastri",1
"812","Exophiala_calicioides",1
"813","Exophiala_dermatitidis",1
"814","Exophiala_lecanii-corni",7
"819","Exophiala_spinifera",7
"821","Exserohilum_turcicum",2
"824","Fibroporia_radiculosa",1
"825","Filobasidium_floriforme",1
"828","Flammula_alnicola",2
"830","Flammulina_velutipes",8
"831","Floccularia_luteovirens",11
"832","Fomitiporia_mediterranea",1
"833","Fomitopsis_palustris",6
"834","Fomitopsis_pinicola",3
"835","Fomitopsis_rosea",1
"836","Fonsecaea_erecta",2
"837","Fonsecaea_monophora",1
"838","Fonsecaea_multimorphosa",1
"839","Fonsecaea_nubica",1
"841","Fonsecaea_pugnacius",1
"842","Fragosphaeria_purpurea",22
"844","Friedmanniomyces_simplex",2
"846","Furculomyces_boomerangus",1
"847","Fusarium_acaciae-mearnsii",1
"848","Fusarium_acuminatum",1
"849","Fusarium_acutatum",1
"850","Fusarium_aethiopicum",1
"851","Fusarium_agapanthi",1
"852","Fusarium_albidum",1
"853","Fusarium_albosuccineum",1
"854","Fusarium_algeriense",1
"856","Fusarium_anguioides",1
"857","Fusarium_annulatum",1
"858","Fusarium_anthophilum",1
"859","Fusarium_armeniacum",1
"860","Fusarium_asiaticum",1
"861","Fusarium_austroafricanum",1
"862","Fusarium_austroamericanum",1
"863","Fusarium_avenaceum",1
"864","Fusarium_aywerte",1
"865","Fusarium_azukicola",1
"866","Fusarium_babinda",1
"868","Fusarium_begoniae",1
"869","Fusarium_beomiforme",1
"870","Fusarium_boothii",1
"872","Fusarium_brasilicum",1
"874","Fusarium_brevicatenulatum",1
"875","Fusarium_buharicum",1
"876","Fusarium_bulbicola",1
"878","Fusarium_buxicola",1
"879","Fusarium_caatingaense",1
"880","Fusarium_camptoceras",1
"881","Fusarium_cerealis",1
"882","Fusarium_chlamydosporum",1
"884","Fusarium_citri",1
"885","Fusarium_clavum",1
"886","Fusarium_coffeatum",1
"887","Fusarium_coicis",1
"888","Fusarium_commune",1
"889","Fusarium_concentricum",1
"890","Fusarium_concolor",1
"891","Fusarium_continuum",1
"892","Fusarium_cortaderiae",1
"893","Fusarium_culmorum",2
"894","Fusarium_cuneirostrum",1
"895","Fusarium_cyanostomum",1
"896","Fusarium_decemcellulare",1
"897","Fusarium_denticulatum",1
"898","Fusarium_dimerum",1
"900","Fusarium_domesticum",1
"901","Fusarium_equiseti",1
"902","Fusarium_euwallaceae",1
"903","Fusarium_falciforme",1
"904","Fusarium_flagelliforme",1
"906","Fusarium_foetens",1
"907","Fusarium_fracticaudum",1
"908","Fusarium_fujikuroi",1
"909","Fusarium_gaditjirri",1
"911","Fusarium_globosum",1
"912","Fusarium_goolgardi",1
"913","Fusarium_graminearum",1
"914","Fusarium_graminum",1
"916","Fusarium_hainanense",1
"917","Fusarium_heterosporum",1
"918","Fusarium_hostae",1
"919","Fusarium_humuli",1
"920","Fusarium_illudens",1
"921","Fusarium_incarnatum",1
"922","Fusarium_irregulare",1
"923","Fusarium_kuroshium",1
"924","Fusarium_kyushuense",1
"925","Fusarium_langsethiae",3
"926","Fusarium_lateritium",1
"927","Fusarium_longipes",1
"928","Fusarium_louisianense",1
"929","Fusarium_luffae",1
"930","Fusarium_mangiferae",1
"931","Fusarium_meridionale",1
"933","Fusarium_mesoamericanum",1
"935","Fusarium_mexicanum",1
"936","Fusarium_miscanthi",1
"937","Fusarium_mundagurra",1
"939","Fusarium_nanum",1
"941","Fusarium_nelsonii",1
"942","Fusarium_nematophilum",1
"943","Fusarium_neocosmosporiellum",1
"945","Fusarium_newnesense",1
"946","Fusarium_nisikadoi",1
"947","Fusarium_nodosum",1
"948","Fusarium_nurragi",1
"949","Fusarium_nygamai",1
"950","Fusarium_odoratissimum",1
"951","Fusarium_oxysporum",26
"952","Fusarium_palustre",1
"953","Fusarium_penzigii",1
"954","Fusarium_phaseoli",1
"955","Fusarium_phyllophilum",1
"956","Fusarium_pininemorale",1
"957","Fusarium_poae",31
"958","Fusarium_praegraminearum",1
"959","Fusarium_proliferatum",1
"960","Fusarium_protoensiforme",1
"962","Fusarium_pseudocircinatum",1
"963","Fusarium_pseudograminearum",4
"964","Fusarium_pseudonygamai",1
"965","Fusarium_ramigenum",1
"966","Fusarium_redolens",6
"967","Fusarium_rusci",1
"968","Fusarium_sacchari",3
"969","Fusarium_sambucinum",1
"970","Fusarium_sarcochroum",1
"971","Fusarium_scirpi",1
"972","Fusarium_secorum",1
"973","Fusarium_setosum",1
"974","Fusarium_sibiricum",1
"975","Fusarium_solani",4
"976","Fusarium_sororula",1
"977","Fusarium_sporotrichioides",1
"979","Fusarium_sterilihyphosum",1
"980","Fusarium_stilboides",1
"982","Fusarium_sublunatum",1
"985","Fusarium_tanahbumbuense",1
"986","Fusarium_temperatum",1
"988","Fusarium_tjaetaba",1
"989","Fusarium_torreyae",1
"990","Fusarium_torulosum",1
"991","Fusarium_transvaalense",1
"992","Fusarium_tricinctum",5
"993","Fusarium_tuaranense",1
"994","Fusarium_tucumaniae",1
"995","Fusarium_tupiense",1
"996","Fusarium_udum",1
"997","Fusarium_ussurianum",1
"999","Fusarium_venenatum",139
"1000","Fusarium_ventricosum",1
"1001","Fusarium_verrucosum",1
"1002","Fusarium_verticillioides",8
"1003","Fusarium_veterinarium",1
"1004","Fusarium_virguliforme",4
"1005","Fusarium_vorosii",1
"1006","Fusarium_xylarioides",1
"1007","Fusarium_xyrophilum",1
"1008","Fusarium_zanthoxyli",1
"1009","Fusarium_zealandicum",1
"1011","Galactomyces_reessii",1
"1012","Galerina_marginata",1
"1013","Gamarada_debralockiae",1
"1014","Gamsiella_multidivaricata",1
"1015","Ganoderma_boninense",11
"1016","Ganoderma_lucidum",6
"1017","Ganoderma_multipileum",1
"1020","Gautieria_morchelliformis",4
"1021","Gelatoporia_subvermispora",1
"1023","Geosmithia_flava",1
"1025","Geosmithia_putterillii",1
"1026","Geotrichum_candidum",3
"1028","Gigaspora_margarita",2
"1029","Gigaspora_rosea",2
"1030","Glaciozyma_antarctica",2
"1031","Glarea_lozoyensis",1
"1034","Gloeostereum_incarnatum",4
"1035","Glomus_cerebriforme",1
"1036","Glonium_stellatum",1
"1038","Gomphillus_americanus",1
"1042","Grammothele_lineata",6
"1043","Graphilbum_fragrans",1
"1044","Grifola_frondosa",5
"1045","Groenewaldozyma_salmanticensis",1
"1046","Grosmannia_clavigera",2
"1048","Grosmannia_penicillata",37
"1049","Gryganskiella_cystojenkinii",1
"1051","Gymnopilus_dilepis",1
"1052","Gymnopilus_junonius",1
"1053","Gymnopus_androsaceus",1
"1054","Gymnopus_confluens",5
"1057","Hamiltosporidium_magnivora_",2
"1059","Hanseniaspora_clermontiae",1
"1060","Hanseniaspora_gamundiae",1
"1061","Hanseniaspora_guilliermondii",1
"1063","Hanseniaspora_lachancei",1
"1064","Hanseniaspora_meyeri",1
"1065","Hanseniaspora_nectarophila",1
"1066","Hanseniaspora_occidentalis",1
"1067","Hanseniaspora_opuntiae",2
"1068","Hanseniaspora_osmophila",4
"1069","Hanseniaspora_pseudoguilliermondii",1
"1070","Hanseniaspora_thailandica",1
"1071","Hanseniaspora_uvarum",27
"1072","Hanseniaspora_valbyensis",1
"1073","Hanseniaspora_vineae",1
"1074","Haplosporangium_bisporale",1
"1075","Haplosporangium_gracile",1
"1076","Hawksworthiomyces_lignivorus",1
"1077","Hebeloma_cylindrosporum",1
"1081","Hemileia_vastatrix",12
"1083","Hericium_alpestre",1
"1084","Hericium_coralloides",3
"1085","Hericium_erinaceus",3
"1086","Herpomyces_periplanetae",1
"1087","Hesseltinella_vesiculosa",18
"1088","Heterobasidion_annosum",1
"1089","Heterobasidion_irregulare",1
"1090","Heterobasidion_parviporum",19
"1092","Hirsutella_minnesotensis",1
"1094","Hirsutella_thompsonii",1
"1095","Histoplasma_capsulatum",2
"1098","Homolaphlyctis_polyrhiza",1
"1100","Hortaea_werneckii",5
"1101","Huntiella_bhutanensis",1
"1102","Huntiella_decipiens",1
"1103","Huntiella_moniliformis",1
"1105","Huntiella_savannae",1
"1110","Hydnum_rufescens",1
"1112","Hygrophorus_pudorinus",3
"1116","Hymenoscyphus_fraxineus",1
"1117","Hymenoscyphus_fructigenus",1
"1118","Hymenoscyphus_herbarum",1
"1119","Hymenoscyphus_infarciens",1
"1120","Hymenoscyphus_koreanus",1
"1121","Hymenoscyphus_laetus",1
"1122","Hymenoscyphus_linearis",1
"1123","Hymenoscyphus_occultus",1
"1124","Hymenoscyphus_repandus",1
"1125","Hymenoscyphus_salicellus",1
"1126","Hymenoscyphus_scutula",1
"1127","Hymenotorrendiella_dingleyae",1
"1128","Hyphodiscus_hymeniophilus",6
"1129","Hypholoma_fasciculare",1
"1131","Hyphopichia_burtonii",10
"1132","Hyphopichia_gotoi",1
"1133","Hyphopichia_heimii",1
"1135","Hyphopichia_pseudoburtonii",7
"1136","Hypocrella_siamensis",1
"1137","Hypomontagnella_monticulosa",5
"1138","Hypomontagnella_submonticulosa",1
"1139","Hypomyces_perniciosus",19
"1140","Hypomyces_rosellus",6
"1141","Hypoxylon_fragiforme",19
"1142","Hypoxylon_lienhwacheense",4
"1143","Hypoxylon_pulicicidum",4
"1144","Hypoxylon_rickii",4
"1146","Hypsizygus_marmoreus",6
"1148","Hysterangium_stoloniferum",34
"1149","Hysterium_pulicare",1
"1151","Ilyonectria_mors-panacis",2
"1153","Infundibulicybe_gibba",9
"1154","Irpex_lacteus",5
"1155","Jaapia_argillacea",1
"1156","Jackrogersella_multiformis",3
"1158","Jimgerdemannia_flammicorona",3
"1160","Juglanconis_juglandina",1
"1161","Juglanconis_oblonga",1
"1163","Kalaharituber_pfeilii",3
"1164","Kalmanozyma_brasiliensis",1
"1165","Karstenula_rhodostoma",4
"1167","Kazachstania_africana",1
"1168","Kazachstania_barnettii",2
"1169","Kazachstania_bromeliacearum",1
"1170","Kazachstania_exigua",1
"1171","Kazachstania_intestinalis",1
"1174","Kazachstania_naganishii",2
"1176","Kazachstania_saulgeensis",2
"1177","Kazachstania_servazzii",40
"1178","Kazachstania_siamensis",1
"1179","Kazachstania_slooffiae",109
"1182","Kazachstania_taianensis",1
"1183","Kazachstania_telluris",1
"1184","Kazachstania_transvaalensis",1
"1186","Kazachstania_unispora",2
"1189","Kluyveromyces_aestuarii",2
"1190","Kluyveromyces_dobzhanskii",1
"1191","Kluyveromyces_lactis",2
"1192","Kluyveromyces_marxianus",2
"1193","Kluyveromyces_nonfermentans",1
"1194","Kluyveromyces_wickerhamii",1
"1195","Knoxdaviesia_capensis",1
"1196","Knoxdaviesia_proteae",1
"1197","Knufia_petricola",1
"1198","Kockovaella_imperatae",5
"1199","Kodamaea_anthophila",1
"1201","Kodamaea_ohmeri",13
"1202","Komagataella_pastoris",24
"1203","Komagataella_phaffii",4
"1204","Komagataella_populi",1
"1205","Komagataella_pseudopastoris",1
"1207","Kregervanrija_delftensis",16
"1208","Kregervanrija_fluxuum",1
"1209","Kretzschmaria_deusta",3
"1210","Kuraishia_capsulata",1
"1211","Kuraishia_molischiana",1
"1212","Kuraishia_ogatae",1
"1213","Kurtzmaniella_cleridarum",1
"1219","Kwoniella_shandongensis",1
"1220","Laburnicola_sp._R22_1",23
"1222","Laccaria_bicolor",2
"1223","Laccaria_trichodermophora",16
"1224","Lachancea_dasiensis",2
"1225","Lachancea_fermentati",2
"1226","Lachancea_kluyveri",4
"1227","Lachancea_lanzarotensis",2
"1228","Lachancea_meyersii",2
"1229","Lachancea_mirantina",2
"1230","Lachancea_nothofagi",2
"1231","Lachancea_quebecensis",2
"1232","Lachancea_thermotolerans",3
"1233","Lachancea_waltii",3
"1234","Lachnellula_arida",1
"1235","Lachnellula_cervina",1
"1236","Lachnellula_hyalina",1
"1238","Lachnellula_subtilissima",1
"1239","Lachnellula_suecica",1
"1240","Lachnellula_willkommii",1
"1241","Lachnum_nothofagi",1
"1242","Lactarius_deliciosus",1
"1243","Lactarius_echinatus",1
"1246","Lactarius_piperatus",1
"1247","Lactarius_quietus",2
"1248","Lactarius_trivialis",1
"1249","Lactarius_volemus",1
"1251","Lactifluus_pinguis",1
"1253","Laetiporus_sulphureus",3
"1254","Lanzia_echinophila",1
"1255","Lasallia_hispanica",2
"1256","Lasallia_pustulata",10
"1258","Lasiodiplodia_pseudotheobromae",1
"1259","Lasiodiplodia_theobromae",16
"1262","Lecanosticta_acicola",1
"1263","Lentinula_edodes",14
"1268","Lepiota_venenata",5
"1270","Lepista_sordida",1
"1271","Leptographium_lundbergii",1
"1273","Leptosphaeria_biglobosa",4
"1274","Leptosphaeria_maculans",59
"1275","Leptoxyphium_fumago",1
"1276","Letharia_columbiana",4
"1278","Leucoagaricus_gongylophorus",2
"1279","Leucoagaricus_leucothites",24
"1280","Leucocalocybe_mongolica",4
"1281","Leucosporidium_creatinivorum",2
"1282","Leucosporidium_scottii",2
"1284","Lichtheimia_ramosa",67
"1286","Limonomyces_culmigenus",1
"1287","Linderina_pennispora",1
"1288","Lindgomyces_ingoldianus",1
"1289","Lineolata_rhizophorae",1
"1290","Linnemannia_elongata",1
"1292","Linnemannia_gamsii",1
"1293","Linnemannia_schmuckeri",1
"1294","Linnemannia_zychae",1
"1295","Lipomyces_arxii",2
"1296","Lipomyces_doorenjongii",2
"1297","Lipomyces_japonicus",1
"1298","Lipomyces_kononenkoae",1
"1299","Lipomyces_lipofer",1
"1300","Lipomyces_mesembrius",1
"1301","Lipomyces_oligophaga",1
"1302","Lipomyces_starkeyi",2
"1303","Lipomyces_suomiensis",1
"1306","Lodderomyces_elongisporus",4
"1307","Lomentospora_prolificans",3
"1310","Lophium_mytilinum",1
"1311","Lunasporangiospora_selenospora",1
"1312","Lyophyllum_atratum",8
"1313","Lyophyllum_decastes",1
"1315","Lyophyllum_shimeji",1
"1316","Macrocybe_gigantea",10
"1320","Macrophomina_phaseolina",7
"1321","Macroventuria_anomochaeta",1
"1322","Madurella_mycetomatis",1
"1324","Magnaporthiopsis_poae",2
"1325","Magnaporthiopsis_rhizophila",1
"1326","Magnusiomyces_capitatus",1
"1327","Magnusiomyces_clavatus",1
"1328","Magnusiomyces_ingens",3
"1329","Magnusiomyces_tetraspermus",1
"1332","Malassezia_dermatis",1
"1333","Malassezia_equina",1
"1334","Malassezia_furfur",7
"1335","Malassezia_globosa",6
"1336","Malassezia_japonica",1
"1337","Malassezia_nana",1
"1339","Malassezia_pachydermatis",2
"1340","Malassezia_restricta",7
"1341","Malassezia_slooffiae",6
"1342","Malassezia_sympodialis",5
"1344","Malassezia_yamatoensis",1
"1345","Malbranchea_cinnamomea",1
"1348","Margaritispora_aquatica",7
"1349","Marssonina_brunnea",1
"1350","Marssonina_coronariae",1
"1351","Marssonina_rosae",1
"1352","Martiniozyma_abiesophila",1
"1353","Massarina_eburnea",6
"1354","Massariosphaeria_phaeospora",1
"1357","Megacollybia_marginata",1
"1359","Meira_miltonrushii",1
"1364","Melampsora_larici-populina",24
"1366","Melampsora_occidentalis",2
"1368","Melanogaster_broomeanus",1
"1371","Metarhizium_acridum",2
"1373","Metarhizium_anisopliae",47
"1374","Metarhizium_brunneum",1
"1377","Metarhizium_rileyi",1
"1378","Metarhizium_robertsii",1
"1381","Metschnikowia_aff._pulcherrima",8
"1382","Metschnikowia_agaves",1
"1383","Metschnikowia_amazonensis",1
"1384","Metschnikowia_arizonensis",1
"1386","Metschnikowia_bicuspidata",3
"1387","Metschnikowia_borealis",1
"1388","Metschnikowia_bowlesiae",2
"1390","Metschnikowia_cerradonensis",1
"1391","Metschnikowia_colocasiae",2
"1392","Metschnikowia_continentalis",1
"1393","Metschnikowia_cubensis",1
"1394","Metschnikowia_dekortorum",2
"1396","Metschnikowia_drosophilae",1
"1397","Metschnikowia_fructicola",7
"1398","Metschnikowia_hamakuensis",1
"1401","Metschnikowia_kamakouana",1
"1402","Metschnikowia_kipukae",1
"1403","Metschnikowia_lochheadii",1
"1404","Metschnikowia_matae",1
"1405","Metschnikowia_mauinuiana",1
"1406","Metschnikowia_orientalis",1
"1407","Metschnikowia_persimmonesis",1
"1409","Metschnikowia_reukaufii",3
"1410","Metschnikowia_santaceciliae",1
"1412","Metschnikowia_similis",2
"1413","Metschnikowia_torresii",1
"1414","Meyerozyma_athensensis",1
"1415","Meyerozyma_caribbica",1
"1417","Meyerozyma_guilliermondii",7
"1418","Microbotryum_intermedium",10
"1419","Microbotryum_lychnidis-dioicae",20
"1420","Microbotryum_saponariae",8
"1421","Microbotryum_silenes-acaulis",7
"1422","Microbotryum_silenes-dioicae",7
"1423","Microbotryum_violaceum",16
"1424","Microcyclospora_pomicola",1
"1425","Microcyclospora_tardicrescens",1
"1426","Microcyclosporella_mali",1
"1428","Microsporum_canis",5
"1429","Microthyrium_microscopicum",1
"1430","Middelhovenomyces_tepae",1
"1432","Millerozyma_farinosa",3
"1433","Mitosporidium_daphniae",1
"1434","Mixia_osmundae",6
"1435","Modicella_reniformis",1
"1437","Moesziomyces_antarcticus",28
"1439","Mollisia_scopiformis",1
"1441","Monascus_pilosus",6
"1442","Monascus_purpureus",21
"1443","Monascus_ruber",15
"1444","Monilinia_aucupariae",1
"1445","Monilinia_fructicola",2
"1446","Monilinia_fructigena",2
"1447","Monilinia_laxa",2
"1448","Monilinia_polystroma",1
"1449","Monilinia_vaccinii-corymbosi",2
"1450","Moniliophthora_perniciosa",1
"1451","Moniliophthora_roreri",1
"1452","Monosporascus_cannonballus",1
"1453","Monosporascus_ibericus",1
"1455","Morchella_crassipes",1
"1457","Morchella_importuna",2
"1458","Morchella_septimelata",1
"1459","Morchella_sextelata",3
"1460","Mortierella_alpina",2
"1461","Mortierella_antarctica",1
"1462","Mortierella_hygrophila",1
"1463","Mortierella_polycephala",1
"1464","Mrakia_blollopis",35
"1465","Mrakia_frigida",1
"1467","Mrakia_psychrophila",1
"1468","Mucidula_mucida",4
"1470","Mucor_circinelloides",4
"1472","Mucor_irregularis",1
"1473","Mucor_lusitanicus",6
"1474","Mucor_plumbeus",1
"1477","Mucor_velutinosus",1
"1478","Mycena_chlorophos",10
"1479","Mycena_citricolor",1
"1480","Mycena_galopus",4
"1481","Mycena_indigotica",27
"1482","Mycena_kentingensis",12
"1483","Mycena_sanguinolenta",30
"1484","Mycena_venus",11
"1487","Mycosphaerelloides_madeirae",1
"1490","Myriosclerotinia_curreyana",1
"1494","Nadsonia_fulvescens",1
"1495","Nadsonia_starkeyi-henricii",1
"1496","Naematelia_encephala",1
"1499","Naganishia_liquefaciens",1
"1503","Nakaseomyces_delphensis",1
"1505","Nakazawaea_holstii",1
"1507","Nakazawaea_wickerhamii",1
"1508","Nannizzia_gypsea",4
"1509","Nannizziopsis_barbatae",5
"1510","Naumovozyma_castellii",2
"1511","Naumovozyma_dairenensis",1
"1512","Neoboletus_brunneissimus",2
"1513","Neoboletus_magnificus",1
"1514","Neobulgaria_alba",1
"1515","Neocallimastix_californiae",5
"1516","Neocamarosporium_betae",8
"1518","Neofusicoccum_kwambonambiense",1
"1519","Neofusicoccum_parvum",1
"1520","Neofusicoccum_ribis",1
"1522","Neohortaea_acidophila",1
"1523","Neolecta_irregularis",1
"1525","Neonectria_coccinea",1
"1527","Neonectria_faginata",1
"1528","Neonectria_galligena",1
"1530","Neonectria_punicea",1
"1531","Neonothopanus_nambi",18
"1532","Neopestalotiopsis_clavispora",1
"1533","Neoscytalidium_dimidiatum",1
"1534","Neospermospora_avenae",1
"1536","Neurospora_cerealis",1
"1537","Neurospora_crassa",3
"1538","Neurospora_discreta",1
"1539","Neurospora_pannonica",1
"1541","Neurospora_terricola",1
"1542","Neurospora_tetrasperma",2
"1543","Neurospora_tetraspora",1
"1545","Nigrospora_oryzae",7
"1546","Nigrospora_sphaerica",42
"1547","Nosema_apis",3
"1548","Nosema_bombycis",9
"1549","Nosema_ceranae",11
"1552","Novakomyces_olei",11
"1554","Ochroconis_constricta",1
"1555","Oehlia_diaphana",2
"1556","Ogataea_angusta",1
"1557","Ogataea_glucozyma",1
"1558","Ogataea_haglerorum",1
"1559","Ogataea_henricii",1
"1560","Ogataea_kodamae",1
"1562","Ogataea_methylovora",1
"1563","Ogataea_minuta",1
"1564","Ogataea_naganishii",1
"1565","Ogataea_nitratoaversa",1
"1566","Ogataea_nonfermentans",1
"1567","Ogataea_parapolymorpha",1
"1568","Ogataea_philodendri",1
"1569","Ogataea_pilisensis",1
"1570","Ogataea_pini",1
"1571","Ogataea_polymorpha",6
"1572","Ogataea_populi-albae",1
"1573","Ogataea_ramenticola",1
"1574","Ogataea_trehaloabstinens",1
"1575","Ogataea_trehalophila",1
"1576","Ogataea_zsoltii",1
"1577","Oidiodendron_maius",1
"1582","Onygena_corvina",1
"1584","Ophidiomyces_ophidiicola",1
"1586","Ophioceras_dolichostomum",1
"1588","Ophiocordyceps_bispora",1
"1589","Ophiocordyceps_camponoti-floridani",13
"1590","Ophiocordyceps_camponoti-rufipedis",1
"1591","Ophiocordyceps_polyrhachis-furcata",1
"1592","Ophiocordyceps_sinensis",16
"1593","Ophiocordyceps_unilateralis",1
"1594","Ophiognomonia_clavigignenti-juglandacearum",1
"1595","Ophiostoma_ips",1
"1596","Ophiostoma_novo-ulmi",2
"1598","Orbilia_oligospora",1
"1599","Ordospora_colligata",1
"1600","Pachysolen_tannophilus",1
"1601","Paecilomyces_niveus",1
"1602","Paecilomyces_penicillatus",4
"1603","Paecilomyces_variotii",8
"1604","Pallidocercospora_crystallina",1
"1606","Panaeolus_papilionaceus",2
"1607","Papiliotrema_flavescens",1
"1609","Paracoccidioides_brasiliensis",9
"1610","Paracoccidioides_lutzii",6
"1611","Paradendryphiella_salina",1
"1612","Paramicrosporidium_saccamoebae",1
"1613","Paramyrothecium_roridum",1
"1614","Paraphaeosphaeria_minitans",77
"1616","Parasitella_parasitica",1
"1620","Passalora_fulva",1
"1621","Passalora_sequoiae",2
"1622","Patellaria_atrata",1
"1624","Paxillus_involutus",1
"1626","Pecoramyces_ruminantium",101
"1627","Peltaster_fructicola",7
"1629","Penicillium_antarcticum",1
"1630","Penicillium_arizonense",1
"1632","Penicillium_brasilianum",2
"1633","Penicillium_camemberti",56
"1634","Penicillium_capsulatum",4
"1636","Penicillium_chrysogenum",2
"1637","Penicillium_citrinum",1
"1638","Penicillium_coprophilum",1
"1639","Penicillium_corylophilum",1
"1642","Penicillium_digitatum",3
"1643","Penicillium_dipodomyicola",1
"1644","Penicillium_expansum",12
"1645","Penicillium_flavigenum",1
"1646","Penicillium_freii",1
"1648","Penicillium_griseofulvum",3
"1649","Penicillium_griseoroseum",1
"1650","Penicillium_italicum",1
"1651","Penicillium_nalgiovense",1
"1652","Penicillium_nordicum",1
"1653","Penicillium_oxalicum",2
"1654","Penicillium_palitans",1
"1656","Penicillium_paxilli",1
"1657","Penicillium_polonicum",13
"1659","Penicillium_roqueforti",1
"1660","Penicillium_rubens",1
"1661","Penicillium_sclerotiorum",1
"1662","Penicillium_solitum",4
"1664","Penicillium_subrubescens",1
"1665","Penicillium_verrucosum",3
"1668","Periglandula_ipomoeae",1
"1670","Pestalotiopsis_kenyana",11
"1671","Peterozyma_toletana",1
"1672","Peterozyma_xylosa",1
"1673","Pezicula_neosporulosa",1
"1675","Phaeoacremonium_minimum",1
"1680","Phaffia_rhodozyma",33
"1685","Phanerochaete_carnosa",1
"1686","Phanerodontia_chrysosporium",8
"1687","Phellinidium_pouzarii",1
"1690","Phialemoniopsis_curvata",1
"1691","Phialocephala_subalpina",1
"1692","Phialophora_americana",1
"1694","Phialophora_chinensis",1
"1696","Phialophora_expanda",1
"1697","Phialophora_macrospora",1
"1698","Phialophora_tarda",1
"1699","Phialophora_verrucosa",1
"1700","Phlebia_centrifuga",1
"1704","Pholiota_adiposa",3
"1706","Pholiota_microspora",1
"1707","Pholiota_molesta",4
"1709","Phycomyces_blakesleeanus",5
"1710","Phyllachora_maydis",2
"1711","Phyllosticta_capitalensis",1
"1712","Phyllosticta_citriasiana",5
"1713","Phyllosticta_citricarpa",1
"1714","Phymatotrichopsis_omnivora",2
"1715","Physcia_stellaris",1
"1719","Pichia_kluyveri",10
"1720","Pichia_kudriavzevii",3
"1721","Pichia_manshurica",33
"1722","Pichia_membranifaciens",1
"1725","Pichia_occidentalis",1
"1726","Pichia_terricola",1
"1729","Piptocephalis_cylindrospora",1
"1730","Piromyces_finnis",3
"1731","Pirottaea_palmicola",5
"1734","Plectosphaerella_cucumerina",1
"1737","Pleurotus_citrinopileatus",27
"1738","Pleurotus_eryngii",7
"1740","Pleurotus_ostreatus",15
"1742","Pleurotus_pulmonarius",2
"1743","Pleurotus_salmoneostramineus",1
"1744","Pleurotus_tuber-regium",5
"1745","Pleurotus_tuoliensis",5
"1748","Pneumocystis_canis",1
"1749","Pneumocystis_carinii",2
"1750","Pneumocystis_jirovecii",1
"1751","Pneumocystis_murina",1
"1752","Pneumocystis_oryctolagi",1
"1753","Pneumocystis_wakefieldiae",1
"1754","Pochonia_chlamydosporia",1
"1755","Podaxis_carcinomalis",1
"1756","Podaxis_pistillaris",1
"1757","Podaxis_rugospora",1
"1758","Podila_clonocystis",1
"1759","Podila_epicladia",1
"1760","Podila_epigama",1
"1761","Podila_horticola",1
"1762","Podila_humilis",1
"1763","Podila_minutissima",1
"1764","Podila_verticillata",1
"1766","Podospora_anserina",4
"1767","Podospora_comata",5
"1771","Polyporus_brumalis",9
"1773","Porodaedalea_pini",7
"1774","Postia_placenta",1
"1775","Powellomyces_hirtus",1
"1776","Priceomyces_carsonii",1
"1777","Priceomyces_castillae",1
"1779","Priceomyces_medius",1
"1780","Prillingera_fragicola",1
"1781","Proliferodiscus_dingleyae",1
"1783","Protomyces_inouyei",1
"1784","Protomyces_inundatus",1
"1785","Protomyces_lactucae-debilis",2
"1786","Protomyces_macrosporus",2
"1788","Pseudevernia_furfuracea",1
"1789","Pseudocercospora_cruenta",1
"1790","Pseudocercospora_eumusae",1
"1791","Pseudocercospora_fijiensis",1
"1792","Pseudocercospora_fuligena",3
"1793","Pseudocercospora_macadamiae",1
"1794","Pseudocercospora_musae",1
"1796","Pseudocercospora_ulei",6
"1797","Pseudogymnoascus_destructans",25
"1800","Pseudohalonectria_lignicola",1
"1801","Pseudoloma_neurophilia",1
"1802","Pseudomassariella_vexata",1
"1804","Pseudonectria_buxi",1
"1805","Pseudonectria_foliicola",1
"1807","Pseudophaeomoniella_oleicola",1
"1808","Pseudopyrenochaeta_lycopersici",6
"1809","Pseudovirgaria_hyperparasitica",1
"1812","Psilocybe_cubensis",3
"1816","Puccinia_coronata",4
"1817","Puccinia_graminis",58
"1818","Puccinia_hordei",7
"1819","Puccinia_novopanici",1
"1820","Puccinia_sorghi",1
"1821","Puccinia_striiformis",2
"1822","Puccinia_triticina",264
"1823","Pulveroboletus_ravenelii",1
"1824","Punctularia_strigosozonata",1
"1825","Purpureocillium_lilacinum",1
"1826","Pyrenophora_graminea",1
"1827","Pyrenophora_seminiperda",1
"1828","Pyrenophora_teres",12
"1829","Pyrenophora_tritici-repentis",8
"1830","Pyrenopolyporus_hunteri",5
"1831","Pyricularia_grisea",1
"1832","Pyricularia_oryzae",10
"1834","Pyronema_omphalodes",1
"1835","Pyrrhoderma_noxium",5
"1836","Quambalaria_eucalypti",2
"1840","Raffaelea_albimanens",9
"1841","Raffaelea_ambrosiae",1
"1842","Raffaelea_arxii",1
"1843","Raffaelea_lauricola",1
"1845","Raffaelea_quercus-mongolicae",1
"1846","Raffaelea_sulphurea",1
"1847","Ramalina_intermedia",1
"1850","Ramichloridium_luteum",1
"1851","Ramularia_coccinea",41
"1852","Ramularia_collo-cygni",1
"1856","Reticulascus_tulasneorum",23
"1857","Rhinocladiella_mackenziei",1
"1858","Rhizoclosmatium_globosum",12
"1859","Rhizoctonia_solani",8
"1862","Rhizomucor_pusillus",1
"1863","Rhizophagus_clarus",10
"1864","Rhizophagus_irregularis",8
"1867","Rhizopogon_hawkerae",1
"1868","Rhizopogon_parksii",1
"1869","Rhizopogon_rudus",1
"1870","Rhizopogon_salebrosus",1
"1873","Rhizopogon_vinicolor",1
"1874","Rhizopogon_vulgaris",1
"1875","Rhizopus_azygosporus",1
"1877","Rhizopus_microsporus",3
"1878","Rhizopus_oryzae",2
"1880","Rhodocollybia_butyracea",2
"1883","Rhodotorula_graminis",10
"1884","Rhodotorula_kratochvilovae",4
"1885","Rhodotorula_mucilaginosa",3
"1887","Rhodotorula_taiwanensis",1
"1888","Rhodotorula_toruloides",19
"1891","Rhynchosporium_secalis",1
"1892","Rhytidhysteron_rufulum",1
"1894","Rosellinia_necatrix",1
"1895","Rozella_allomycis",1
"1898","Russula_abietina",1
"1899","Russula_emetica",5
"1901","Russula_griseocarnosa",5
"1902","Russula_lepida",1
"1903","Russula_ochroleuca",4
"1905","Rutstroemia_sydowiana",1
"1908","Saccharomyces_bayanus",13
"1909","Saccharomyces_cerevisiae_",101
"1910","Saccharomyces_eubayanus",4
"1911","Saccharomyces_eubayanus_x_Saccharomyces_uvarum",1
"1912","Saccharomyces_jurei",1
"1913","Saccharomyces_kudriavzevii",1
"1914","Saccharomyces_mikatae",1
"1915","Saccharomyces_paradoxus",2
"1916","Saccharomyces_pastorianus",10
"1917","Saccharomyces_uvarum",1
"1918","Saccharomycodes_ludwigii",5
"1919","Saccharomycopsis_capsularis",1
"1921","Saccharomycopsis_fermentans",1
"1922","Saccharomycopsis_fibuligera",49
"1923","Saccharomycopsis_fibuligera_x_Saccharomycopsis_cf._fibuligera",51
"1924","Saccharomycopsis_fodiens",2
"1925","Saccharomycopsis_malanga",3
"1926","Saccharomycopsis_schoenii",1
"1927","Saitoella_complicata",1
"1928","Saitozyma_podzolica",9
"1929","Saksenaea_oblongispora",1
"1930","Saksenaea_vasiformis",2
"1931","Salmacisia_buchloeana",1
"1932","Samsoniella_hepiali",1
"1933","Sanchytrium_tribonematis",1
"1936","Sanghuangporus_sanghuang",21
"1938","Saprochaete_ingens",1
"1941","Sarcomyxa_edulis",5
"1942","Sarocladium_brachiariae",13
"1943","Sarocladium_oryzae",3
"1945","Saturnispora_dispora",1
"1946","Saturnispora_hagleri",1
"1947","Saturnispora_mendoncae",1
"1948","Saturnispora_saitoi",1
"1949","Saturnispora_serradocipensis",1
"1950","Saturnispora_silvae",2
"1951","Saturnispora_zaruensis",1
"1952","Scedosporium_apiospermum",1
"1953","Scedosporium_aurantiacum",1
"1954","Scedosporium_boydii",1
"1955","Scedosporium_dehoogii",1
"1957","Scheffersomyces_segobiensis",1
"1958","Scheffersomyces_shehatae",1
"1959","Scheffersomyces_spartinae",1
"1960","Scheffersomyces_stambukii",1
"1961","Scheffersomyces_stipitis",20
"1962","Schizophyllum_commune",1
"1965","Schizosaccharomyces_japonicus",4
"1966","Schizosaccharomyces_octosporus",3
"1967","Schizosaccharomyces_pombe",3
"1969","Sclerotinia_borealis",1
"1971","Sclerotinia_sclerotiorum",6
"1972","Sclerotinia_trifoliorum",2
"1973","Sclerotiophoma_versabilis",528
"1974","Sclerotium_cepivorum",1
"1975","Scopulariopsis_brevicaulis",7
"1978","Serendipita_indica",2
"1980","Serpula_lacrymans",6
"1982","Simplicillium_aogashimaense",1
"1989","Smittium_simulii",1
"1993","Sordaria_macrospora",1
"1994","Sparassis_crispa",13
"1995","Sparassis_latifolia",15
"1996","Spathaspora_arborariae",2
"1997","Spathaspora_boniae",1
"1998","Spathaspora_girioi",3
"2001","Spathaspora_passalidarum",6
"2002","Spathaspora_xylofermentans",1
"2003","Spencermartinsiella_europaea",1
"2005","Sphaerobolus_stellatus",1
"2006","Sphaerosporella_brunnea",1
"2007","Sphaerulina_musiva",1
"2008","Sphaerulina_populicola",2
"2010","Spizellomyces_punctatus",1
"2011","Spizellomyces_sp._'palustris'",1
"2013","Sporidiobolus_salmonicolor",2
"2014","Sporisorium_graminicola",18
"2015","Sporisorium_iseilematis-ciliati",2
"2016","Sporisorium_reilianum",1
"2017","Sporisorium_scitamineum",3
"2019","Sporopachydermia_lactativora",1
"2022","Sporothrix_brasiliensis",1
"2023","Sporothrix_curviconia",4
"2024","Sporothrix_globosa",1
"2026","Sporothrix_pallida",1
"2027","Sporothrix_phasma",2
"2028","Sporothrix_protearum",6
"2029","Sporothrix_schenckii",1
"2030","Sporothrix_variecibatus",1
"2032","Stachybotrys_chartarum",1
"2034","Stagonosporopsis_cucurbitacearum",1
"2036","Starmera_amethionina",1
"2037","Starmera_quercuum",1
"2038","Starmerella_apicola",1
"2039","Starmerella_bacillaris",1
"2040","Starmerella_bombicola",2
"2041","Starmerella_davenportii",1
"2042","Starmerella_geochares",1
"2044","Starmerella_kuoi",1
"2046","Starmerella_ratchasimensis",2
"2047","Starmerella_riodocensis",1
"2048","Starmerella_sorbosivorans",1
"2049","Starmerella_tilneyi_(nom._inval.)",1
"2050","Starmerella_vaccinii",1
"2052","Stemphylium_lycopersici",1
"2053","Stemphylium_vesicarium",6
"2054","Stenocarpella_maydis",2
"2055","Stereocaulon_alpinum",1
"2058","Stylonectria_norvegica",1
"2060","Sugiyamaella_lignohabitans",7
"2061","Sugiyamaella_xylanicola_(nom._inval.)",1
"2062","Suhomyces_canberraensis",1
"2063","Suhomyces_emberorum",1
"2064","Suhomyces_pyralidae",1
"2066","Suillellus_subvelutipes",2
"2069","Suillus_ampliporus",7
"2070","Suillus_bovinus",11
"2072","Suillus_clintonianus",1
"2073","Suillus_cothurnatus",1
"2074","Suillus_decipiens",1
"2075","Suillus_discolor",22
"2076","Suillus_fuscotomentosus",34
"2078","Suillus_lakei",2
"2080","Suillus_occidentalis",2
"2081","Suillus_paluster",9
"2082","Suillus_placidus",56
"2083","Suillus_plorans",2
"2084","Suillus_spraguei",6
"2085","Suillus_subalutaceus",6
"2086","Suillus_subaureus",2
"2087","Suillus_subluteus",24
"2088","Suillus_tomentosus",1
"2089","Suillus_variegatus",1
"2092","Symmetrospora_coprosmae",1
"2093","Syncephalastrum_contaminatum",1
"2095","Syncephalastrum_racemosum",2
"2096","Syncephalis_pseudoplumigaleata",1
"2097","Synchytrium_endobioticum",2
"2099","Taiwanofungus_camphoratus",1
"2102","Talaromyces_adpressus",1
"2103","Talaromyces_amestolkiae",1
"2107","Talaromyces_funiculosus",3
"2108","Talaromyces_islandicus",1
"2109","Talaromyces_marneffei",1
"2110","Talaromyces_piceae",1
"2111","Talaromyces_pinophilus",6
"2112","Talaromyces_purpureogenus",13
"2113","Talaromyces_rugulosus",8
"2114","Talaromyces_stipitatus",2
"2116","Talaromyces_verruculosus",1
"2117","Talaromyces_wortmannii",1
"2118","Taphrina_betulina",1
"2119","Taphrina_communis",1
"2121","Taphrina_deformans",2
"2122","Taphrina_flavorubra",2
"2123","Taphrina_populina",1
"2124","Taphrina_pruni",1
"2125","Taphrina_wiesneri",2
"2128","Teratosphaeria_destructans",1
"2129","Teratosphaeria_gauchensis",1
"2131","Teratosphaeria_pseudoeucalypti",1
"2132","Teratosphaeria_zuluensis",1
"2133","Terfezia_boudieri",1
"2134","Terfezia_claveryi",1
"2137","Termitomyces_heimii",4
"2141","Tetrapisispora_blattae",2
"2142","Tetrapisispora_fleetii",1
"2143","Tetrapisispora_iriomotensis",1
"2144","Tetrapisispora_namnaoensis",1
"2145","Tetrapisispora_phaffii",2
"2146","Tetrapyrgos_nigripes",2
"2147","Teunomyces_cretensis",1
"2148","Teunomyces_gatunensis",1
"2149","Teunomyces_kruisii",1
"2150","Thamnidium_elegans",1
"2152","Thecaphora_thlaspeos",10
"2155","Thelephora_terrestris",17
"2156","Thelohania_contejeani",1
"2157","Thelonectria_rubi",1
"2159","Thermomucor_indicae-seudaticae",1
"2161","Thermothelomyces_thermophilus",1
"2162","Thermothielavioides_terrestris",2
"2163","Thielaviopsis_cerberus",1
"2167","Thielaviopsis_punctulata",1
"2168","Tilletia_caries",5
"2169","Tilletia_controversa",1
"2171","Tilletia_indica",9
"2172","Tilletia_laevis",1
"2173","Tilletia_walkeri",1
"2175","Tilletiopsis_pallescens",1
"2177","Tinctoporellus_epimiltinus",1
"2179","Tolypocladium_capitatum",1
"2180","Tolypocladium_inflatum",5
"2182","Tolypocladium_paradoxum",1
"2184","Tortispora_caseinolytica",1
"2185","Tortispora_ganteri",1
"2186","Tortispora_sangerardonensis",1
"2187","Tortispora_starmeri",1
"2188","Torulaspora_delbrueckii",3
"2189","Torulaspora_franciscae",1
"2190","Torulaspora_globosa",2
"2191","Torulaspora_maleeae",1
"2192","Torulaspora_microellipsoides",1
"2193","Torulaspora_pretoriensis",2
"2195","Trachipleistophora_hominis",1
"2196","Trametes_cinnabarina",3
"2198","Trametes_hirsuta",13
"2199","Trametes_polyzona",2
"2200","Trametes_pubescens",2
"2201","Trametes_sanguinea",2
"2202","Trametes_versicolor",1
"2203","Trametes_villosa",1
"2205","Tremella_fuciformis",1
"2206","Tremella_mesenterica",2
"2210","Trichoderma_afroharzianum",2
"2211","Trichoderma_arundinaceum",1
"2212","Trichoderma_asperellum",15
"2214","Trichoderma_atroviride",10
"2215","Trichoderma_brevicompactum",1
"2218","Trichoderma_erinaceum",1
"2219","Trichoderma_gamsii",1
"2220","Trichoderma_guizhouense",1
"2221","Trichoderma_hamatum",1
"2222","Trichoderma_harzianum",1
"2224","Trichoderma_koningiopsis",1
"2226","Trichoderma_lixii",1
"2227","Trichoderma_longibrachiatum",7
"2229","Trichoderma_parareesei",1
"2230","Trichoderma_pleuroti",1
"2231","Trichoderma_reesei",1
"2232","Trichoderma_virens",5
"2234","Tricholoma_bakamatsutake",6
"2235","Tricholoma_flavovirens",1
"2238","Tricholoma_terreum",1
"2239","Trichomonascus_ciferrii",1
"2240","Trichophaea_hybrida",1
"2241","Trichophyton_benhamiae",2
"2242","Trichophyton_equinum",4
"2244","Trichophyton_kuryangei",1
"2245","Trichophyton_mentagrophytes",1
"2246","Trichophyton_rubrum",1
"2247","Trichophyton_schoenleinii",8
"2249","Trichophyton_soudanense",1
"2250","Trichophyton_tonsurans",2
"2251","Trichophyton_verrucosum",1
"2252","Trichophyton_violaceum",1
"2253","Trichophyton_yaoundei",1
"2254","Trichosporon_asahii",1
"2257","Trichosporon_inkin",1
"2258","Trichosporon_ovoides",1
"2259","Trichothecium_ovalisporum",1
"2260","Trichothecium_roseum",1
"2262","Trigonopsis_variabilis",1
"2264","Tuber_borchii",1
"2265","Tuber_brumale",1
"2267","Tuber_indicum",4
"2268","Tuber_magnatum",1
"2269","Tuber_melanosporum",5
"2270","Tuber_microsphaerosporum",1
"2271","Tuber_umbilicatum",1
"2272","Tubulinosema_ratisbonensis",1
"2274","Tylopilus_plumbeoviolaceoides",1
"2275","Umbelopsis_isabellina",1
"2277","Umbilicaria_muehlenbergii",1
"2278","Uncinocarpus_reesii",11
"2280","Uromyces_viciae-fabae",2
"2281","Usnea_hakonensis",1
"2282","Ustilaginoidea_virens",4
"2283","Ustilago_bromivora",8
"2285","Ustilago_esculenta",1
"2286","Ustilago_hordei",29
"2287","Ustilago_maydis",1
"2288","Ustilago_trichophora",24
"2292","Valsa_mali",1
"2293","Valsa_malicola",1
"2294","Valsa_sordida",4
"2295","Vanderwaltozyma_polyspora",3
"2296","Vanrija_humicola",1
"2297","Vavraia_culicis",1
"2299","Venturia_aucupariae",1
"2300","Venturia_carpophila",5
"2301","Venturia_effusa",3
"2302","Venturia_inaequalis",10
"2303","Venturia_nashicola",9
"2305","Venturia_pyrina",2
"2308","Verticillium_albo-atrum",1
"2309","Verticillium_alfalfae",7
"2310","Verticillium_dahliae",7
"2311","Verticillium_isaacii",1
"2312","Verticillium_klebahnii",1
"2313","Verticillium_longisporum",10
"2314","Verticillium_nonalfalfae",1
"2316","Verticillium_tricorpus",1
"2317","Verticillium_zaregamsianum",2
"2319","Viridothelium_virens",1
"2320","Vishniacozyma_victoriae",1
"2321","Vittaforma_corneae",2
"2322","Volvariella_volvacea",1
"2323","Wallemia_hederae",1
"2324","Wallemia_ichthyophaga",1
"2325","Wallemia_mellicola",1
"2328","Wickerhamiella_cacticola",1
"2329","Wickerhamiella_domercqiae",1
"2331","Wickerhamiella_hasegawae",1
"2332","Wickerhamiella_infanticola",1
"2333","Wickerhamiella_occidentalis",1
"2334","Wickerhamiella_pararugosa",1
"2335","Wickerhamiella_sorbophila",12
"2336","Wickerhamiella_versatilis",1
"2337","Wickerhamomyces_alni",1
"2338","Wickerhamomyces_anomalus",96
"2340","Wickerhamomyces_canadensis",1
"2341","Wickerhamomyces_ciferrii",1
"2342","Wickerhamomyces_hampshirensis",1
"2345","Xenoacremonium_recifei",1
"2349","Xylaria_flabelliformis",1
"2350","Xylaria_grammica",4
"2351","Xylaria_hypoxylon",13
"2352","Xylaria_longipes",1
"2354","Xylaria_polymorpha",1
"2357","Yamadazyma_laniorum",1
"2358","Yamadazyma_nakazawae",1
"2359","Yamadazyma_philogaea",1
"2360","Yamadazyma_scolyti",1
"2363","Yarrowia_bubula",1
"2364","Yarrowia_deformans",1
"2365","Yarrowia_divulgata",1
"2369","Yarrowia_lipolytica",85
"2371","Yarrowia_phangngaensis",2
"2374","Yueomyces_sinensis",2
"2375","Zancudomyces_culisetae",1
"2376","Zasmidium_angulare",1
"2378","Zasmidium_citrigriseum",4
"2379","Zoopage_sp._CT-All",1
"2382","Zygoascus_meyerae",1
"2384","Zygosaccharomyces_bailii",1
"2385","Zygosaccharomyces_bisporus",1
"2386","Zygosaccharomyces_kombuchaensis",1
"2387","Zygosaccharomyces_mellis",1
"2388","Zygosaccharomyces_parabailii",2
"2389","Zygosaccharomyces_pseudobailii",1
"2390","Zygosaccharomyces_rouxii",3
"2391","Zygosaccharomyces_sapae",7
"2392","Zygosaccharomyces_siamensis",1
"2393","Zygotorulaspora_florentina",1
"2394","Zygotorulaspora_mrakii",6
"2395","Zymoseptoria_ardabiliae",1
"2399","Zymoseptoria_tritici",3
"1","Absidia",16
"2","Acaromyces",1
"3100","Acaulopage",1
"4100","Aciculosporium",1
"5100","Acidomyces",4
"6","Acremonium",1
"7","Actinomortierella",1
"810","Agaricus",4
"910","Agrocybe",11.5
"1010","Akanthomyces",1
"1111","Alectoria",1
"1214","Alloascoidea",1
"13","Allomyces",9
"14","Alternaria",3
"1517","Amanita",1
"16","Amauroascus",1
"1716","Amauroderma",17
"1810","Ambrosiella",2
"1920","Ambrosiozyma",1
"20","Amesia",19
"21","Amniculicola",5
"2213","Amorphotheca",1
"2315","Ampelomyces",46
"2410","Amphirosellinia",4
"2510","Amylostereum",25
"2610","Anaeromyces",2
"2710","Anncaliia",1
"2810","Annulohypoxylon",2
"2910","Antarctomyces",1
"3010","Anthracocystis",2.5
"3110","Antonospora",4
"32","Antrodiella",1
"3310","Aotearoamyces",1
"34","Apiotrichum",6
"3510","Aquanectria",10
"3610","Arachnopeziza",1
"3710","Armillaria",4
"3810","Arthrinium",9
"39","Arthrobotrys",12
"40","Arthrocladium",1
"41","Arthroderma",3
"4210","Articulospora",5
"4310","Ascobolus",1
"44","Ascochyta",11.5
"4510","Ascocoryne",1
"4610","Ascosphaera",1
"47","Aspergillus",1
"48","Athelia",11
"4910","Atkinsonella",1
"5010","Aureobasidium",7
"5110","Auricularia",3
"5210","Auriculariopsis",1
"5310","Austropuccinia",10
"54","Babjeviella",1
"5510","Balansia",1
"56","Barnettozyma",1
"5710","Basidioascus",1
"5810","Basidiobolus",2
"5910","Batrachochytrium",9
"6010","Baudoinia",1
"615","Beauveria",1
"626","Berkeleyomyces",2
"63","Bifiguratus",1
"644","Bipolaris",6.5
"652","Blastobotrys",1
"664","Blastomyces",1
"671","Blumeriella",5
"6810","Blyttiomyces",9
"697","Boletus",1.5
"703","Bondarzewia",1
"712","Botryobasidium",1
"724","Botryosphaeria",2
"733","Botryotinia",1
"741","Botryozyma",12
"757","Botrytis",3.5
"762","Brettanomyces",3
"772","Bretziella",1
"787","Butyriboletus",97
"79","Cadophora",1
"80","Cairneyella",1
"81","Calcarisporium",2
"82","Calocera",1
"83","Calonectria",1
"84","Candida",1
"85","Candolleomyces",1
"867","Cantharellus",2
"87","Capniomyces",1
"88","Catenaria",5
"89","Celoporthe",10
"90","Cenococcum",1
"91","Cephaloascus",1
"92","Ceraceosorus",5
"932","Ceratocystiopsis",1.5
"944","Ceratocystis",1
"95","Cercospora",1
"961","Chaetomium",2
"97","Chalara",1
"981","Chalaropsis",1
"998","Chlorencoelia",1
"100","Chlorociboria",2
"101","Chondrostereum",1
"102","Chrysoporthe",3
"1032","Ciborinia",1
"1041","Citeromyces",1
"1055","Cladobotryum",23
"1062","Cladonia",1
"1078","Cladophialophora",1
"1082","Cladosporium",2
"109","Clarireedia",2
"1104","Clathrospora",1
"1113","Clavariopsis",1
"11210","Claviceps",1
"1134","Clavispora",3
"1145","Clitopilus",5
"1152","Clonostachys",7
"1162","Coccidioides",10.5
"1172","Coccinonectria",1
"1181","Coemansia",1
"119","Colletotrichum",2
"120","Conidiobolus",2
"121","Coniochaeta",1
"1221","Coprinellus",40
"1237","Coprinopsis",1
"1244","Coprinus",1
"125","Cordyceps",1
"126","Corinectria",1
"1272","Coriolopsis",5
"128","Cortinarius",1
"129","Corynespora",19.5
"1304","Cryomyces",1
"131","Cryphonectria",1
"1323","Cryptococcus",7
"133","Cucumispora",1
"134","Cucurbitaria",3
"1355","Cudoniella",1
"136","Curvularia",1
"1372","Cutaneotrichosporon",1
"1385","Cyanodermella",1
"139","Cyberlindnera",1
"1408","Cylindrocarpon",1
"1411","Cystofilobasidium",1
"1427","Cytospora",2
"1431","Dacryopinax",1
"144","Dactylella",1
"145","Dactylellina",1
"1466","Dactylonectria",1
"1471","Daldinia",3
"148","Danielozyma",1
"1491","Davidsoniella",2
"1501","Debaryomyces",1
"151","Delphinella",1
"1521","Dendrothele",1
"1535","Dentipellis",1
"1544","Diaporthe",1
"1551","Dichomitus",2
"1561","Dictyopanus",6
"157","Dicyma",4
"1581","Diddensiella",1
"1597","Didymella",1
"1605","Didymosphaeria",1
"161","Diplocarpon",1
"1623","Diplodia",1
"163","Dipodascus",1
"164","Dissophora",1
"165","Diutina",1
"1663","Diversispora",8
"1674","Dothidotthia",4
"168","Dothistroma",1
"1693","Drechmeria",2
"170","Drechslerella",1
"171","Elaphomyces",1
"172","Elsinoe",1
"1732","Emergomyces",4.5
"174","Emmonsia",1
"175","Encephalitozoon",5
"1765","Endocalyx",1
"1772","Endocarpon",1
"1782","Endoconidiophora",1
"1795","Endocronartium",1
"1803","Enterocytozoon",14
"1811","Enterospora",1
"18210","Entomortierella",1
"1833","Entonaema",4
"1844","Epichloe",2
"1853","Epicoccum",1
"1861","Eremothecium",31
"1871","Erythrobasidium",1
"188","Escovopsis",1
"189","Eutypa",1
"190","Evansstolkia",1
"191","Evernia",1
"192","Exophiala",4
"193","Exserohilum",2
"1944","Fibroporia",1
"1956","Filobasidium",1
"1963","Flammula",2
"1976","Flammulina",8
"198","Floccularia",11
"199","Fomitiporia",1
"2004","Fomitopsis",3
"201","Fonsecaea",1
"2021","Fragosphaeria",22
"2031","Friedmanniomyces",2
"204","Furculomyces",1
"2051","Fusarium",1
"2065","Galactomyces",1
"207","Galerina",1
"20810","Gamarada",1
"209","Gamsiella",1
"2101","Ganoderma",6
"2115","Gautieria",4
"2126","Gelatoporia",1
"2135","Geosmithia",1
"214","Geotrichum",3
"2151","Gigaspora",2
"2164","Glaciozyma",2
"2174","Glarea",1
"2181","Gloeostereum",4
"2194","Glomus",1
"220","Glonium",1
"221","Gomphillus",1
"222","Grammothele",6
"223","Graphilbum",1
"224","Grifola",5
"2255","Groenewaldozyma",1
"2261","Grosmannia",19.5
"227","Gryganskiella",1
"228","Gymnopilus",1
"229","Gymnopus",3
"230","Hamiltosporidium",2
"231","Hanseniaspora",1
"2326","Haplosporangium",1
"2339","Hawksworthiomyces",1
"234","Hebeloma",1
"2353","Hemileia",12
"236","Hericium",3
"2372","Herpomyces",1
"238","Hesseltinella",18
"239","Heterobasidion",1
"240","Hirsutella",1
"2411","Histoplasma",2
"242","Homolaphlyctis",1
"243","Hortaea",5
"2441","Huntiella",1
"2451","Hydnum",1
"2461","Hygrophorus",3
"247","Hymenoscyphus",1
"2481","Hymenotorrendiella",1
"2491","Hyphodiscus",6
"2501","Hypholoma",1
"251","Hyphopichia",4
"2521","Hypocrella",1
"253","Hypomontagnella",3
"2541","Hypomyces",12.5
"2551","Hypoxylon",4
"2561","Hypsizygus",6
"257","Hysterangium",34
"2581","Hysterium",1
"2591","Ilyonectria",2
"2601","Infundibulicybe",9
"2611","Irpex",5
"2621","Jaapia",1
"2631","Jackrogersella",3
"2641","Jimgerdemannia",3
"2651","Juglanconis",1
"2661","Kalaharituber",3
"267","Kalmanozyma",1
"2681","Karstenula",4
"269","Kazachstania",1
"2701","Kluyveromyces",1.5
"2711","Knoxdaviesia",1
"2721","Knufia",1
"2731","Kockovaella",5
"2741","Kodamaea",7
"2751","Komagataella",2.5
"2761","Kregervanrija",8.5
"2771","Kretzschmaria",3
"2781","Kuraishia",1
"2791","Kurtzmaniella",1
"2801","Kwoniella",1
"2811","Laburnicola",23
"2821","Laccaria",9
"2831","Lachancea",2
"2841","Lachnellula",1
"2851","Lachnum",1
"2861","Lactarius",1
"2871","Lactifluus",1
"288","Laetiporus",3
"2891","Lanzia",1
"2901","Lasallia",6
"291","Lasiodiplodia",8.5
"2921","Lecanosticta",1
"2931","Lentinula",14
"2941","Lepiota",5
"2951","Lepista",1
"2961","Leptographium",1
"2971","Leptosphaeria",31.5
"2981","Leptoxyphium",1
"2991","Letharia",4
"3001","Leucoagaricus",13
"3011","Leucocalocybe",4
"3021","Leucosporidium",2
"3031","Lichtheimia",67
"304","Limonomyces",1
"3051","Linderina",1
"3061","Lindgomyces",1
"3071","Lineolata",1
"3081","Linnemannia",1
"3091","Lipomyces",1
"3101","Lodderomyces",4
"3111","Lomentospora",3
"3121","Lophium",1
"3131","Lunasporangiospora",1
"3141","Lyophyllum",1
"3151","Macrocybe",10
"3161","Macrophomina",7
"3171","Macroventuria",1
"3181","Madurella",1
"3191","Magnaporthiopsis",1.5
"3201","Magnusiomyces",1
"3211","Malassezia",2
"3221","Malbranchea",1
"3231","Margaritispora",7
"3241","Marssonina",1
"3251","Martiniozyma",1
"3261","Massarina",6
"3271","Massariosphaeria",1
"3281","Megacollybia",1
"329","Meira",1
"3301","Melampsora",13
"331","Melanogaster",1
"332","Metarhizium",1
"3331","Metschnikowia",1
"3341","Meyerozyma",1
"3351","Microbotryum",9
"336","Microcyclospora",1
"337","Microcyclosporella",1
"3381","Microsporum",5
"339","Microthyrium",1
"340","Middelhovenomyces",1
"341","Millerozyma",3
"3421","Mitosporidium",1
"3431","Mixia",6
"3441","Modicella",1
"3451","Moesziomyces",28
"3461","Mollisia",1
"3471","Monascus",15
"3481","Monilinia",2
"3491","Moniliophthora",1
"3501","Monosporascus",1
"3511","Morchella",1.5
"3521","Mortierella",1
"353","Mrakia",1
"3541","Mucidula",4
"3551","Mucor",1
"3561","Mycena",11
"357","Mycosphaerelloides",1
"3581","Myriosclerotinia",1
"3591","Nadsonia",1
"3601","Naematelia",1
"3611","Naganishia",1
"362","Nakaseomyces",1
"3631","Nakazawaea",1
"3641","Nannizzia",4
"3651","Nannizziopsis",5
"3661","Naumovozyma",1.5
"3671","Neoboletus",1.5
"3681","Neobulgaria",1
"3691","Neocallimastix",5
"3701","Neocamarosporium",8
"3711","Neofusicoccum",1
"3721","Neohortaea",1
"3731","Neolecta",1
"3741","Neonectria",1
"3751","Neonothopanus",18
"3761","Neopestalotiopsis",1
"3771","Neoscytalidium",1
"3781","Neospermospora",1
"3791","Neurospora",1
"3801","Nigrospora",24.5
"3811","Nosema",9
"3821","Novakomyces",11
"383","Ochroconis",1
"3841","Oehlia",2
"3851","Ogataea",1
"3861","Oidiodendron",1
"3871","Onygena",1
"3881","Ophidiomyces",1
"3891","Ophioceras",1
"3901","Ophiocordyceps",1
"3911","Ophiognomonia",1
"3921","Ophiostoma",1.5
"3931","Orbilia",1
"3941","Ordospora",1
"3951","Pachysolen",1
"3961","Paecilomyces",4
"3971","Pallidocercospora",1
"3981","Panaeolus",2
"3991","Papiliotrema",1
"4001","Paracoccidioides",7.5
"4011","Paradendryphiella",1
"402","Paramicrosporidium",1
"4031","Paramyrothecium",1
"4041","Paraphaeosphaeria",77
"4051","Parasitella",1
"4061","Passalora",1.5
"4071","Patellaria",1
"4081","Paxillus",1
"4091","Pecoramyces",101
"4101","Peltaster",7
"4111","Penicillium",1
"4121","Periglandula",1
"413","Pestalotiopsis",11
"4141","Peterozyma",1
"415","Pezicula",1
"4161","Phaeoacremonium",1
"4171","Phaffia",33
"4181","Phanerochaete",1
"419","Phanerodontia",8
"420","Phellinidium",1
"4211","Phialemoniopsis",1
"422","Phialocephala",1
"4231","Phialophora",1
"4241","Phlebia",1
"4251","Pholiota",3
"4261","Phycomyces",5
"4271","Phyllachora",2
"428","Phyllosticta",1
"429","Phymatotrichopsis",2
"4301","Physcia",1
"4311","Pichia",2
"4321","Piptocephalis",1
"4331","Piromyces",3
"4341","Pirottaea",5
"4351","Plectosphaerella",1
"4361","Pleurotus",5
"4371","Pneumocystis",1
"4381","Pochonia",1
"4391","Podaxis",1
"4401","Podila",1
"441","Podospora",4.5
"4421","Polyporus",9
"443","Porodaedalea",7
"4441","Postia",1
"4451","Powellomyces",1
"4461","Priceomyces",1
"4471","Prillingera",1
"4481","Proliferodiscus",1
"4491","Protomyces",1.5
"450","Pseudevernia",1
"451","Pseudocercospora",1
"4521","Pseudogymnoascus",25
"4531","Pseudohalonectria",1
"454","Pseudoloma",1
"455","Pseudomassariella",1
"4561","Pseudonectria",1
"4571","Pseudophaeomoniella",1
"4581","Pseudopyrenochaeta",6
"4591","Pseudovirgaria",1
"460","Psilocybe",3
"461","Puccinia",4
"4621","Pulveroboletus",1
"4631","Punctularia",1
"464","Purpureocillium",1
"465","Pyrenophora",4.5
"4661","Pyrenopolyporus",5
"467","Pyricularia",5.5
"468","Pyronema",1
"4691","Pyrrhoderma",5
"4701","Quambalaria",2
"471","Raffaelea",1
"472","Ramalina",1
"473","Ramichloridium",1
"474","Ramularia",21
"4751","Reticulascus",23
"476","Rhinocladiella",1
"477","Rhizoclosmatium",12
"4781","Rhizoctonia",8
"4791","Rhizomucor",1
"4801","Rhizophagus",9
"481","Rhizopogon",1
"482","Rhizopus",2
"4831","Rhodocollybia",2
"4841","Rhodotorula",4
"4851","Rhynchosporium",1
"4861","Rhytidhysteron",1
"4871","Rosellinia",1
"488","Rozella",1
"489","Russula",4
"4901","Rutstroemia",1
"4911","Saccharomyces",1.5
"4921","Saccharomycodes",5
"4931","Saccharomycopsis",2
"4941","Saitoella",1
"4951","Saitozyma",9
"4961","Saksenaea",1.5
"497","Salmacisia",1
"4981","Samsoniella",1
"4991","Sanchytrium",1
"5001","Sanghuangporus",21
"5011","Saprochaete",1
"5021","Sarcomyxa",5
"5031","Sarocladium",8
"5041","Saturnispora",1
"505","Scedosporium",1
"5061","Scheffersomyces",1
"5071","Schizophyllum",1
"5081","Schizosaccharomyces",3
"5091","Sclerotinia",2
"5101","Sclerotiophoma",528
"5111","Sclerotium",1
"5121","Scopulariopsis",7
"5131","Serendipita",2
"5141","Serpula",6
"5151","Simplicillium",1
"5161","Smittium",1
"5171","Sordaria",1
"5181","Sparassis",14
"519","Spathaspora",2
"5201","Spencermartinsiella",1
"5211","Sphaerobolus",1
"522","Sphaerosporella",1
"523","Sphaerulina",1.5
"5241","Spizellomyces",1
"525","Sporidiobolus",2
"5261","Sporisorium",2.5
"5271","Sporopachydermia",1
"5281","Sporothrix",1
"5291","Stachybotrys",1
"530","Stagonosporopsis",1
"5311","Starmera",1
"532","Starmerella",1
"533","Stemphylium",3.5
"534","Stenocarpella",2
"5351","Stereocaulon",1
"5361","Stylonectria",1
"537","Sugiyamaella",4
"5381","Suhomyces",1
"5391","Suillellus",2
"540","Suillus",4
"5411","Symmetrospora",1
"5421","Syncephalastrum",1.5
"5431","Syncephalis",1
"5441","Synchytrium",2
"5451","Taiwanofungus",1
"5461","Talaromyces",1
"5471","Taphrina",1
"5481","Teratosphaeria",1
"549","Terfezia",1
"5501","Termitomyces",4
"5511","Tetrapisispora",1
"5521","Tetrapyrgos",2
"553","Teunomyces",1
"554","Thamnidium",1
"5551","Thecaphora",10
"5561","Thelephora",17
"557","Thelohania",1
"558","Thelonectria",1
"559","Thermomucor",1
"5601","Thermothelomyces",1
"5611","Thermothielavioides",2
"562","Thielaviopsis",1
"563","Tilletia",1
"5641","Tilletiopsis",1
"5651","Tinctoporellus",1
"5661","Tolypocladium",1
"5671","Tortispora",1
"5681","Torulaspora",1.5
"569","Trachipleistophora",1
"570","Trametes",2
"5711","Tremella",1.5
"5721","Trichoderma",1
"5731","Tricholoma",1
"574","Trichomonascus",1
"5751","Trichophaea",1
"5761","Trichophyton",1
"5771","Trichosporon",1
"578","Trichothecium",1
"5791","Trigonopsis",1
"580","Tuber",1
"5811","Tubulinosema",1
"582","Tylopilus",1
"583","Umbelopsis",1
"584","Umbilicaria",1
"585","Uncinocarpus",11
"5861","Uromyces",2
"587","Usnea",1
"5881","Ustilaginoidea",4
"5891","Ustilago",8
"590","Valsa",1
"591","Vanderwaltozyma",3
"592","Vanrija",1
"5931","Vavraia",1
"5941","Venturia",4
"595","Verticillium",1
"596","Viridothelium",1
"5971","Vishniacozyma",1
"5981","Vittaforma",2
"5991","Volvariella",1
"6001","Wallemia",1
"601","Wickerhamiella",1
"602","Wickerhamomyces",1
"6031","Xenoacremonium",1
"6041","Xylaria",1
"6051","Yamadazyma",1
"6061","Yarrowia",1
"6071","Yueomyces",2
"6081","Zancudomyces",1
"6091","Zasmidium",2.5
"6101","Zoopage",1
"611","Zygoascus",1
"612","Zygosaccharomyces",1
"613","Zygotorulaspora",3.5
"614","Zymoseptoria",2
